{
    "version": 2,
    "name": "UMO+ DXUv2",
    "inherits": "dxu2",
    "metadata":
    {
        "has_variants": true,
        "machine_extruder_trains":
        {
            "0": "dxu_extruder1",
            "1": "dxu_extruder2"
        }
    },
    "overrides": {
        "machine_disallowed_areas": {
            "default_value": [
                [[100,  -102.5], [ 110,  -102.5], [ 110,  -62.5], [100,  -62.5]]
            ]
        },
        "machine_width": { "default_value": 220 },
        "machine_depth": { "default_value": 205 },
        "machine_height": { "default_value": 200 },
        "machine_head_with_fans_polygon": {
            "default_value": [
                [-46, 30],
                [-46, -34],
                [66, 30],
                [66, -34]
            ]
        },
        "machine_nozzle_heat_up_speed": {
            "default_value": 1.4
        },
        "machine_nozzle_cool_down_speed": { 
            "default_value": 0.8
        },
        "machine_nozzle_size": {
            "default_value": 0.4
        },
        "material_diameter": {
            "default_value": 1.75
        }
    }
}

