{
    "version": 2,
    "name": "UM2+ DXUv2 Dual",
    "inherits": "dxu2",
    "overrides": {
        "machine_extruder_count": { "default_value": 2 },
        "machine_start_gcode": { "value": "\"\"  if machine_gcode_flavor == \"UltiGCode\" else \"; DXUv2 improved start priming Gcode for dual nozzles for multi-material print\\nM355 S1 P25 ; Turn on case light dim\\nM190 S{material_bed_temperature_layer_0}\\nG28 ; Home all\\nG29 ; Run automatic bed leveling. Comment this line out if auto bed leveling is not desired.\\nM104 T0 S{material_standby_temperature, 0} ; Preheat T0 to standby temp\\nG21 ; Metric values\\nG90 ; Absolute positioning\\nM82 ; Set extruder to absolute mode\\nM107 ; Start with the fan off\\nM200 D0 T0 ; Reset filament diameter\\nM200 D0 T1 ; Reset filament diameter\\nG0 X200 F7200 ; Move to safe X and Y location from right side after ending ABL homing. Move X before Y to avoid hitting switching lever.\\nG1 Y150 F7200\\n; Prime routine for T1 in normally \\nT1 ; move to the nozzle 2\\nG0 Z10 F2400 ; move the platform down to 10mm\\nM109 T1 S{material_print_temperature, 1} ; Heat up and wait for T1\\nG0 Y150 F7200 ; Move printhead to safe Y location to move right.\\nG0 Y1 F7200 ; Add HOTEND_OFFSET_Y[1] to Y0 (or forward-most safe Y location when T1 is active) to get Gcode Y parameter\\nG1 X235 Y10 Z0.3 F2400 ; Add HOTEND_OFFSET_X[1] to X217 (or right-most safe X location when T1 is active) to get actual Gcode X parameter.\\nG92 E0 ; reset E location\\nM104 T1 S{material_final_print_temperature, 1} ; Start cooling down nozzle to reduce oozing\\nG1 Y70 E9 F1000 ; intro line\\nM104 T1 S{material_standby_temperature, 1}\\nG92 E0 \\nG1 E-{retraction_amount, 1} F1500 ; retract\\nG0 Y100 F18000 ; break line\\nG0 Y150 Z10 F2400 ; raise nozzle\\n; Prime routine for T0\\nT0 ; move to the nozzle 1\\nG0 Z10 F2400\\nM109 T0 S{material_print_temperature, 0}\\nG0 Y150 F7200 ; Move printhead to safe Y location to move right.\\nG0 Y0 F7200 ;change Y20 to Y0 ansonl\\nG1 X217 Y15 Z0.3 F2400\\nG92 E0 ; reset E location\\nM104 T0 S{material_final_print_temperature, 0} ; Start cooling down nozzle to reduce oozing\\nG1 Y75 E9 F1000 ; intro line\\nM104 T0 S{material_standby_temperature, 0}\\nG92 E0\\nG1 E-{retraction_amount, 0} F1500 ; retract\\nG0 Y105 F18000 ; break line\\nG0 Y150 Z10 F2400 ; raise nozzle\\n; Final prime and wipe sequence for initial extruder (usually T0)\\nM104 T{initial_extruder_nr} S{material_print_temperature_layer_0, initial_extruder_nr} ; Start heating initial nozzle. Do not wait.\\nT{initial_extruder_nr} ; move to the initial nozzle used for print\\nM400 ;finish all moves\\nG0 Z20 F2400\\nG0 X212 F18000\\nG0 Y2 F18000\\nM109 T{initial_extruder_nr} S{material_print_temperature_layer_0, initial_extruder_nr} ; Wait for heating to complete\\nG0 X205 Z0.3 F2400\\nG92 E0\\nG1 Y45 E6.5 F1000\\nG92 E0\\nG1 E-0.5 F1500 ; retract slightly\\nG1 Y100 F18000 ; break line\\nG92 E0\\nM355 S1 P128; Turn on case light brighter\\n;end of startup sequence\\n\"" }
    }
}